{"cameraMode":{"drawMode":0,"name":"Shaded","section":"Shading Mode"},"sceneLighting":false,"audioPlay":false,"sceneViewState":{"m_AlwaysRefresh":false,"showFog":true,"showSkybox":false,"showFlares":true,"showImageEffects":true,"showParticleSystems":true,"showVisualEffectGraphs":true,"m_FxEnabled":true},"in2DMode":false,"pivot":{"x":1.794649600982666,"y":1.9398541450500489,"z":-13.225950241088868},"rotation":{"x":0.0379452258348465,"y":0.29023706912994387,"z":-0.010334529913961888,"w":0.9565491080284119},"size":0.9669540524482727,"orthographic":false}