{"cameraMode":{"drawMode":0,"name":"Shaded","section":"Shading Mode"},"sceneLighting":false,"audioPlay":false,"sceneViewState":{"m_AlwaysRefresh":false,"showFog":true,"showSkybox":false,"showFlares":true,"showImageEffects":true,"showParticleSystems":true,"showVisualEffectGraphs":true,"m_FxEnabled":true},"in2DMode":false,"pivot":{"x":-0.30948683619499209,"y":-2.625185012817383,"z":-19.582612991333009},"rotation":{"x":-0.05270899832248688,"y":-0.9473589062690735,"z":0.20659703016281129,"w":-0.23993873596191407},"size":0.22194555401802064,"orthographic":false}