{"cameraMode":{"drawMode":0,"name":"Shaded","section":"Shading Mode"},"sceneLighting":false,"audioPlay":false,"sceneViewState":{"m_AlwaysRefresh":false,"showFog":true,"showSkybox":false,"showFlares":true,"showImageEffects":true,"showParticleSystems":true,"showVisualEffectGraphs":true,"m_FxEnabled":true},"in2DMode":false,"pivot":{"x":-0.09194409847259522,"y":0.000013329088687896729,"z":-0.029605746269226075},"rotation":{"x":-0.17620661854743958,"y":0.524562418460846,"z":-0.11197150498628617,"w":-0.8254516124725342},"size":0.7662004828453064,"orthographic":false}